{
    "oracledevtools.formatterSettings": {
        "identifierCasing": "Same as Intellisense",
        "keywordCasing": "Same as Intellisense",
        "1-LineLongComments": "Don't format",
        "lineBreaksBetweenStatements": "Double break",
        "lineBreakOnComma": "After",
        "lineBreakOnConcatenation": "Before",
        "lineBreakOnBooleanConnectors": "Before",
        "lineBreakOnANSI-joins": true,
        "lineBreakBeforeLineComments": false,
        "lineBreakAfterSelect/From/Where": true,
        "lineBreaksOnIf/Case/While": "Indented actions, inlined conditions",
        "whiteSpaceAroundOperators": "Don't format",
        "whiteSpaceAfterCommas": true,
        "whiteSpaceAroundParenthesis": "Don't format"
    }
}